coin,timeframe,rr,lookback,trades,win_rate,net_pnl,max_dd_pct,score
SOL,4h,1.5,20,49,59.18,238.9,4.21,39760.5
SOL,4h,4.0,20,11,54.55,199.76,2.04,32494.48
SOL,4h,1.5,15,55,54.55,192.76,5.02,28456.43
SOL,4h,3.0,20,38,42.11,270.55,5.99,27841.75
SOL,4h,3.0,30,38,42.11,271.26,6.04,27701.46
SOL,4h,2.0,20,45,51.11,245.27,6.1,26956.26
ETH,1h,3.0,20,123,33.33,315.67,13.61,25725.07
SOL,1h,4.0,15,147,25.17,270.23,13.05,25105.59
SOL,1h,3.0,20,162,31.48,315.54,16.3,24644.21
SOL,4h,2.0,30,45,51.11,247.08,7.0,23693.16
SOL,1h,1.5,15,262,45.8,182.4,12.62,23385.47
ETH,1h,3.0,15,127,32.28,246.89,12.02,23152.77
SOL,1h,4.0,30,132,25.76,299.3,15.12,22747.57
SOL,4h,1.5,30,47,53.19,146.52,4.65,21612.2
ETH,4h,3.0,30,39,41.03,253.74,7.98,19858.47
SOL,4h,2.0,15,52,46.15,191.78,6.97,19852.78
SOL,1h,4.0,20,136,24.26,174.94,13.37,15263.56
SOL,1h,1.5,20,265,44.91,125.65,13.82,14805.06
ETH,4h,4.0,30,31,32.26,183.38,7.03,14513.65
BTC,4h,3.0,20,53,32.08,115.08,6.82,12277.56
SOL,4h,3.0,15,46,32.61,123.28,6.97,12002.34
ETH,1h,4.0,20,117,24.79,149.26,13.59,11877.78
ETH,1h,4.0,30,75,26.67,188.07,13.75,11849.43
BTC,4h,4.0,20,40,27.5,122.03,6.69,11529.78
ETH,4h,2.0,30,47,42.55,110.85,7.03,10802.5
ETH,4h,1.5,30,53,49.06,98.99,6.7,10752.57
ETH,1h,1.5,30,187,45.99,119.5,18.03,9062.34
ETH,1h,2.0,30,124,39.52,128.76,16.78,8543.21
ETH,1h,4.0,15,124,24.19,117.9,17.66,7435.99
SOL,1h,1.5,30,237,43.88,60.81,13.78,6793.97
SOL,4h,4.0,15,14,35.71,106.79,6.97,5736.11
BTC,1h,4.0,20,134,23.88,76.13,17.55,5020.6
ETH,1h,2.0,15,193,37.82,49.83,15.74,4397.72
SOL,1h,3.0,15,182,28.02,58.3,18.25,4308.82
ETH,1h,2.0,20,159,37.74,56.57,16.68,4277.59
BTC,1h,2.0,20,200,38.5,35.52,13.8,3640.56
ETH,4h,3.0,15,54,29.63,67.71,14.42,3451.79
BTC,4h,4.0,15,46,23.91,49.61,9.82,3427.97
SOL,4h,4.0,30,10,30.0,45.72,6.95,2080.5
BTC,1h,2.0,15,207,38.65,16.47,14.58,1625.53
SOL,1h,3.0,30,146,27.4,21.96,18.24,1454.6
ETH,4h,3.0,20,40,27.5,17.43,13.03,846.13
ETH,15min,3.0,30,446,30.04,13.64,36.96,779.45
ETH,4h,2.0,15,61,34.43,-16.02,17.15,-729.25
BTC,1h,1.5,15,241,46.06,-7.76,13.43,-896.74
ETH,4h,4.0,15,45,20.0,-30.02,16.86,-1194.58
ETH,1h,1.5,20,227,43.61,-25.87,21.66,-1799.84
BTC,4h,4.0,30,44,20.45,-27.43,10.11,-1800.51
ETH,4h,1.5,20,53,39.62,-30.45,11.52,-1923.78
BTC,4h,3.0,30,47,25.53,-27.27,9.6,-1946.71
ETH,4h,1.5,15,63,39.68,-39.92,15.59,-2032.94
ETH,4h,4.0,20,35,17.14,-68.15,15.62,-2581.28
ETH,1h,3.0,30,98,25.51,-67.16,20.54,-3237.09
ETH,4h,2.0,20,46,30.43,-61.41,12.3,-3386.6
BTC,4h,2.0,20,52,32.69,-46.27,9.51,-3507.77
SOL,1h,2.0,20,221,35.29,-49.43,18.07,-4066.35
BTC,1h,4.0,30,116,20.69,-98.76,25.36,-4194.39
BTC,4h,3.0,15,57,22.81,-91.22,15.41,-4469.73
BTC,4h,1.5,30,58,36.21,-91.84,14.48,-4829.98
BTC,4h,2.0,30,51,29.41,-92.75,11.73,-5648.34
SOL,1h,2.0,15,229,34.93,-80.76,21.62,-5653.78
BTC,4h,2.0,15,59,25.42,-169.6,22.15,-5880.85
BTC,4h,1.5,20,61,32.79,-141.99,16.83,-6589.96
BTC,4h,1.5,15,61,27.87,-206.69,24.15,-6684.03
BTC,1h,2.0,30,174,35.06,-129.63,23.3,-7337.43
SOL,1h,2.0,30,186,32.8,-154.28,27.1,-7762.8
BTC,1h,4.0,15,136,19.85,-202.15,29.57,-7972.05
ETH,1h,1.5,15,248,41.94,-141.69,26.53,-8411.69
BTC,1h,3.0,20,159,25.16,-189.32,28.37,-8415.45
BTC,1h,3.0,15,161,26.09,-168.68,24.41,-8767.58
BTC,15min,4.0,30,328,24.39,-204.71,37.71,-9830.77
BTC,1h,1.5,30,213,41.78,-158.1,23.45,-9838.84
BTC,15min,1.5,15,1080,40.74,-970.73,97.12,-9999.0
BTC,15min,1.5,20,1015,41.48,-946.62,94.75,-9999.0
BTC,15min,1.5,30,895,42.68,-864.58,86.69,-9999.0
BTC,15min,2.0,15,892,34.42,-937.89,93.79,-9999.0
BTC,15min,2.0,20,809,36.34,-850.39,85.04,-9999.0
BTC,15min,2.0,30,705,37.16,-696.88,69.69,-9999.0
BTC,15min,3.0,15,601,26.79,-781.52,79.05,-9999.0
BTC,15min,3.0,20,545,29.91,-486.42,49.08,-9999.0
BTC,15min,3.0,30,473,29.39,-399.25,47.31,-9999.0
BTC,15min,4.0,15,443,21.44,-682.99,69.92,-9999.0
BTC,15min,4.0,20,362,22.38,-505.5,53.86,-9999.0
ETH,15min,1.5,15,1092,44.51,-757.41,76.72,-9999.0
ETH,15min,1.5,20,1058,43.19,-772.85,79.12,-9999.0
ETH,15min,1.5,30,853,41.85,-715.85,73.21,-9999.0
ETH,15min,2.0,15,881,36.1,-751.73,77.7,-9999.0
ETH,15min,2.0,20,782,35.55,-697.57,73.98,-9999.0
ETH,15min,2.0,30,638,38.24,-291.34,49.11,-9999.0
ETH,15min,3.0,15,709,28.49,-516.81,65.65,-9999.0
ETH,15min,3.0,20,665,27.37,-571.28,71.38,-9999.0
ETH,15min,4.0,15,546,24.73,-100.23,40.42,-9999.0
ETH,15min,4.0,20,517,21.66,-535.28,66.8,-9999.0
ETH,15min,4.0,30,354,22.32,-282.2,48.86,-9999.0
SOL,15min,1.5,15,1086,41.8,-727.49,77.62,-9999.0
SOL,15min,1.5,20,1020,42.06,-648.93,73.63,-9999.0
SOL,15min,1.5,30,928,40.09,-713.19,74.69,-9999.0
SOL,15min,2.0,15,903,35.11,-635.6,75.06,-9999.0
SOL,15min,2.0,20,837,35.48,-520.89,69.51,-9999.0
SOL,15min,2.0,30,776,33.12,-672.45,69.89,-9999.0
SOL,15min,3.0,15,704,25.43,-657.92,75.23,-9999.0
SOL,15min,3.0,20,635,25.83,-537.57,65.94,-9999.0
SOL,15min,3.0,30,584,23.8,-663.08,69.91,-9999.0
SOL,15min,4.0,15,645,19.69,-703.39,76.8,-9999.0
SOL,15min,4.0,20,557,19.57,-641.17,70.18,-9999.0
SOL,15min,4.0,30,487,20.74,-404.34,52.46,-9999.0
BTC,1h,3.0,30,157,22.29,-309.82,33.54,-11573.76
BTC,1h,1.5,20,240,42.5,-174.62,21.43,-12621.34
